BernieSanders,Mon Mar 28 01:47:02 +0000 2016
BernieSanders,Sun Mar 27 23:51:03 +0000 2016
BernieSanders,Sun Mar 27 22:33:06 +0000 2016
BernieSanders,Sun Mar 27 18:56:43 +0000 2016
BernieSanders,Sun Mar 27 17:47:50 +0000 2016
BernieSanders,Sun Mar 27 16:52:55 +0000 2016
BernieSanders,Sun Mar 27 16:45:59 +0000 2016
BernieSanders,Sun Mar 27 15:38:08 +0000 2016
BernieSanders,Sun Mar 27 13:53:56 +0000 2016
BernieSanders,Sun Mar 27 13:39:39 +0000 2016
BernieSanders,Sun Mar 27 10:46:15 +0000 2016
BernieSanders,Sun Mar 27 02:59:41 +0000 2016
BernieSanders,Sun Mar 27 02:06:47 +0000 2016
BernieSanders,Sat Mar 26 22:46:50 +0000 2016
BernieSanders,Sat Mar 26 22:21:38 +0000 2016
BernieSanders,Sat Mar 26 21:40:13 +0000 2016
BernieSanders,Sat Mar 26 21:07:21 +0000 2016
BernieSanders,Sat Mar 26 20:08:08 +0000 2016
BernieSanders,Sat Mar 26 19:26:06 +0000 2016
BernieSanders,Sat Mar 26 19:18:42 +0000 2016
BernieSanders,Sat Mar 26 18:54:47 +0000 2016
BernieSanders,Sat Mar 26 18:47:48 +0000 2016
BernieSanders,Sat Mar 26 17:23:48 +0000 2016
BernieSanders,Sat Mar 26 16:12:02 +0000 2016
BernieSanders,Sat Mar 26 15:33:07 +0000 2016
BernieSanders,Sat Mar 26 14:36:07 +0000 2016
BernieSanders,Sat Mar 26 13:24:53 +0000 2016
BernieSanders,Sat Mar 26 03:11:17 +0000 2016
BernieSanders,Sat Mar 26 03:06:19 +0000 2016
BernieSanders,Sat Mar 26 02:32:06 +0000 2016
BernieSanders,Sat Mar 26 01:12:02 +0000 2016
BernieSanders,Sat Mar 26 00:35:06 +0000 2016
BernieSanders,Fri Mar 25 23:34:01 +0000 2016
BernieSanders,Fri Mar 25 23:21:06 +0000 2016
BernieSanders,Fri Mar 25 22:54:57 +0000 2016
BernieSanders,Fri Mar 25 22:52:41 +0000 2016
BernieSanders,Fri Mar 25 22:12:30 +0000 2016
BernieSanders,Fri Mar 25 21:53:00 +0000 2016
BernieSanders,Fri Mar 25 21:52:58 +0000 2016
BernieSanders,Fri Mar 25 21:48:45 +0000 2016
BernieSanders,Fri Mar 25 21:28:28 +0000 2016
BernieSanders,Fri Mar 25 20:32:09 +0000 2016
BernieSanders,Fri Mar 25 19:42:02 +0000 2016
BernieSanders,Fri Mar 25 18:46:04 +0000 2016
BernieSanders,Fri Mar 25 18:23:06 +0000 2016
BernieSanders,Fri Mar 25 17:04:18 +0000 2016
BernieSanders,Fri Mar 25 16:58:03 +0000 2016
BernieSanders,Fri Mar 25 16:53:31 +0000 2016
BernieSanders,Fri Mar 25 16:08:33 +0000 2016
BernieSanders,Fri Mar 25 15:21:41 +0000 2016
BernieSanders,Fri Mar 25 15:04:03 +0000 2016
BernieSanders,Fri Mar 25 14:23:07 +0000 2016
BernieSanders,Fri Mar 25 12:31:05 +0000 2016
BernieSanders,Fri Mar 25 03:48:04 +0000 2016
BernieSanders,Fri Mar 25 03:45:00 +0000 2016
BernieSanders,Fri Mar 25 03:35:31 +0000 2016
BernieSanders,Fri Mar 25 02:10:05 +0000 2016
BernieSanders,Fri Mar 25 00:56:06 +0000 2016
BernieSanders,Fri Mar 25 00:19:54 +0000 2016
BernieSanders,Thu Mar 24 23:49:04 +0000 2016
BernieSanders,Thu Mar 24 22:58:08 +0000 2016
BernieSanders,Thu Mar 24 21:23:06 +0000 2016
BernieSanders,Thu Mar 24 20:12:05 +0000 2016
BernieSanders,Thu Mar 24 19:40:11 +0000 2016
BernieSanders,Thu Mar 24 18:53:06 +0000 2016
BernieSanders,Thu Mar 24 17:46:02 +0000 2016
BernieSanders,Thu Mar 24 17:32:06 +0000 2016
BernieSanders,Thu Mar 24 17:21:46 +0000 2016
BernieSanders,Thu Mar 24 16:36:50 +0000 2016
BernieSanders,Thu Mar 24 15:31:07 +0000 2016
BernieSanders,Thu Mar 24 14:21:02 +0000 2016
BernieSanders,Thu Mar 24 13:01:00 +0000 2016
BernieSanders,Thu Mar 24 12:17:36 +0000 2016
BernieSanders,Thu Mar 24 01:04:04 +0000 2016
BernieSanders,Thu Mar 24 00:28:03 +0000 2016
BernieSanders,Wed Mar 23 23:02:04 +0000 2016
BernieSanders,Wed Mar 23 22:14:29 +0000 2016
BernieSanders,Wed Mar 23 21:50:22 +0000 2016
BernieSanders,Wed Mar 23 21:39:31 +0000 2016
BernieSanders,Wed Mar 23 20:26:16 +0000 2016
BernieSanders,Wed Mar 23 19:57:06 +0000 2016
BernieSanders,Wed Mar 23 19:02:06 +0000 2016
BernieSanders,Wed Mar 23 18:48:28 +0000 2016
BernieSanders,Wed Mar 23 18:02:07 +0000 2016
BernieSanders,Wed Mar 23 17:30:42 +0000 2016
BernieSanders,Wed Mar 23 16:09:06 +0000 2016
BernieSanders,Wed Mar 23 15:05:35 +0000 2016
BernieSanders,Wed Mar 23 13:50:18 +0000 2016
BernieSanders,Wed Mar 23 06:28:42 +0000 2016
BernieSanders,Wed Mar 23 05:48:21 +0000 2016
BernieSanders,Wed Mar 23 03:40:42 +0000 2016
BernieSanders,Wed Mar 23 03:30:57 +0000 2016
BernieSanders,Wed Mar 23 03:13:52 +0000 2016
BernieSanders,Wed Mar 23 02:43:43 +0000 2016
BernieSanders,Wed Mar 23 01:51:22 +0000 2016
BernieSanders,Wed Mar 23 01:37:41 +0000 2016
BernieSanders,Wed Mar 23 01:36:26 +0000 2016
BernieSanders,Wed Mar 23 01:19:49 +0000 2016
BernieSanders,Wed Mar 23 00:17:07 +0000 2016
BernieSanders,Wed Mar 23 00:13:36 +0000 2016
BernieSanders,Tue Mar 22 23:46:05 +0000 2016
BernieSanders,Tue Mar 22 23:31:07 +0000 2016
BernieSanders,Tue Mar 22 23:16:52 +0000 2016
BernieSanders,Tue Mar 22 23:07:43 +0000 2016
BernieSanders,Tue Mar 22 22:41:06 +0000 2016
BernieSanders,Tue Mar 22 22:13:19 +0000 2016
BernieSanders,Tue Mar 22 21:47:44 +0000 2016
BernieSanders,Tue Mar 22 21:32:07 +0000 2016
BernieSanders,Tue Mar 22 20:54:03 +0000 2016
BernieSanders,Tue Mar 22 20:30:02 +0000 2016
BernieSanders,Tue Mar 22 20:05:41 +0000 2016
BernieSanders,Tue Mar 22 19:41:06 +0000 2016
BernieSanders,Tue Mar 22 19:24:48 +0000 2016
BernieSanders,Tue Mar 22 18:54:05 +0000 2016
BernieSanders,Tue Mar 22 18:36:07 +0000 2016
BernieSanders,Tue Mar 22 17:57:03 +0000 2016
BernieSanders,Tue Mar 22 17:19:03 +0000 2016
BernieSanders,Tue Mar 22 17:08:13 +0000 2016
BernieSanders,Tue Mar 22 16:27:06 +0000 2016
BernieSanders,Tue Mar 22 15:37:49 +0000 2016
BernieSanders,Tue Mar 22 15:35:01 +0000 2016
BernieSanders,Tue Mar 22 10:00:44 +0000 2016
BernieSanders,Tue Mar 22 03:19:03 +0000 2016
BernieSanders,Tue Mar 22 03:18:13 +0000 2016
BernieSanders,Tue Mar 22 03:12:51 +0000 2016
BernieSanders,Tue Mar 22 02:38:01 +0000 2016
BernieSanders,Tue Mar 22 02:02:22 +0000 2016
BernieSanders,Tue Mar 22 01:18:35 +0000 2016
BernieSanders,Tue Mar 22 01:00:13 +0000 2016
BernieSanders,Mon Mar 21 23:57:06 +0000 2016
BernieSanders,Mon Mar 21 23:02:33 +0000 2016
BernieSanders,Mon Mar 21 22:38:02 +0000 2016
BernieSanders,Mon Mar 21 21:33:41 +0000 2016
BernieSanders,Mon Mar 21 21:19:24 +0000 2016
BernieSanders,Mon Mar 21 20:26:50 +0000 2016
BernieSanders,Mon Mar 21 20:16:34 +0000 2016
BernieSanders,Mon Mar 21 19:54:06 +0000 2016
BernieSanders,Mon Mar 21 19:43:22 +0000 2016
BernieSanders,Mon Mar 21 19:14:03 +0000 2016
BernieSanders,Mon Mar 21 19:07:45 +0000 2016
BernieSanders,Mon Mar 21 19:02:07 +0000 2016
BernieSanders,Mon Mar 21 18:55:28 +0000 2016
BernieSanders,Mon Mar 21 18:40:31 +0000 2016
BernieSanders,Mon Mar 21 18:33:39 +0000 2016
BernieSanders,Mon Mar 21 18:20:57 +0000 2016
BernieSanders,Mon Mar 21 18:16:06 +0000 2016
BernieSanders,Mon Mar 21 18:03:04 +0000 2016
BernieSanders,Mon Mar 21 17:33:43 +0000 2016
BernieSanders,Mon Mar 21 16:15:32 +0000 2016
BernieSanders,Mon Mar 21 15:35:15 +0000 2016
BernieSanders,Mon Mar 21 15:08:19 +0000 2016
BernieSanders,Mon Mar 21 13:52:02 +0000 2016
BernieSanders,Mon Mar 21 12:48:05 +0000 2016
BernieSanders,Mon Mar 21 03:47:16 +0000 2016
BernieSanders,Mon Mar 21 03:21:18 +0000 2016
BernieSanders,Mon Mar 21 02:49:04 +0000 2016
BernieSanders,Mon Mar 21 00:41:33 +0000 2016
BernieSanders,Mon Mar 21 00:24:01 +0000 2016
BernieSanders,Sun Mar 20 23:28:02 +0000 2016
BernieSanders,Sun Mar 20 23:21:02 +0000 2016
BernieSanders,Sun Mar 20 23:14:31 +0000 2016
BernieSanders,Sun Mar 20 23:10:05 +0000 2016
BernieSanders,Sun Mar 20 23:04:06 +0000 2016
BernieSanders,Sun Mar 20 22:59:05 +0000 2016
BernieSanders,Sun Mar 20 22:52:07 +0000 2016
BernieSanders,Sun Mar 20 22:49:05 +0000 2016
BernieSanders,Sun Mar 20 22:45:25 +0000 2016
BernieSanders,Sun Mar 20 22:41:25 +0000 2016
BernieSanders,Sun Mar 20 22:27:49 +0000 2016
BernieSanders,Sun Mar 20 22:09:06 +0000 2016
BernieSanders,Sun Mar 20 21:55:31 +0000 2016
BernieSanders,Sun Mar 20 21:55:05 +0000 2016
BernieSanders,Sun Mar 20 21:52:30 +0000 2016
BernieSanders,Sun Mar 20 21:43:45 +0000 2016
BernieSanders,Sun Mar 20 21:18:02 +0000 2016
BernieSanders,Sun Mar 20 20:14:24 +0000 2016
BernieSanders,Sun Mar 20 20:14:06 +0000 2016
BernieSanders,Sun Mar 20 19:56:03 +0000 2016
BernieSanders,Sun Mar 20 19:39:02 +0000 2016
BernieSanders,Sun Mar 20 19:25:53 +0000 2016
BernieSanders,Sun Mar 20 19:25:43 +0000 2016
BernieSanders,Sun Mar 20 19:25:33 +0000 2016
BernieSanders,Sun Mar 20 19:24:07 +0000 2016
BernieSanders,Sun Mar 20 19:07:16 +0000 2016
BernieSanders,Sun Mar 20 19:03:03 +0000 2016
BernieSanders,Sun Mar 20 18:49:07 +0000 2016
BernieSanders,Sun Mar 20 18:35:03 +0000 2016
BernieSanders,Sun Mar 20 18:27:06 +0000 2016
BernieSanders,Sun Mar 20 18:13:01 +0000 2016
BernieSanders,Sun Mar 20 18:02:01 +0000 2016
BernieSanders,Sun Mar 20 17:39:35 +0000 2016
BernieSanders,Sun Mar 20 15:41:06 +0000 2016
BernieSanders,Sun Mar 20 14:44:36 +0000 2016
BernieSanders,Sun Mar 20 14:03:07 +0000 2016
BernieSanders,Sun Mar 20 12:39:26 +0000 2016
BernieSanders,Sun Mar 20 12:03:10 +0000 2016
BernieSanders,Sun Mar 20 02:47:01 +0000 2016
BernieSanders,Sun Mar 20 01:50:05 +0000 2016
BernieSanders,Sun Mar 20 00:54:42 +0000 2016
realDonaldTrump,Mon Mar 28 01:36:28 +0000 2016
realDonaldTrump,Mon Mar 28 01:17:57 +0000 2016
realDonaldTrump,Sun Mar 27 22:16:52 +0000 2016
realDonaldTrump,Sun Mar 27 21:11:43 +0000 2016
realDonaldTrump,Sun Mar 27 20:55:59 +0000 2016
realDonaldTrump,Sun Mar 27 20:37:17 +0000 2016
realDonaldTrump,Sun Mar 27 19:41:16 +0000 2016
realDonaldTrump,Sun Mar 27 14:23:51 +0000 2016
realDonaldTrump,Sun Mar 27 14:14:05 +0000 2016
realDonaldTrump,Sun Mar 27 13:02:06 +0000 2016
realDonaldTrump,Sat Mar 26 20:16:02 +0000 2016
realDonaldTrump,Sat Mar 26 20:12:01 +0000 2016
realDonaldTrump,Sat Mar 26 19:27:56 +0000 2016
realDonaldTrump,Sat Mar 26 19:20:33 +0000 2016
realDonaldTrump,Sat Mar 26 19:13:48 +0000 2016
realDonaldTrump,Sat Mar 26 19:01:42 +0000 2016
realDonaldTrump,Sat Mar 26 15:19:31 +0000 2016
realDonaldTrump,Sat Mar 26 11:24:00 +0000 2016
realDonaldTrump,Sat Mar 26 10:40:04 +0000 2016
realDonaldTrump,Sat Mar 26 10:36:09 +0000 2016
realDonaldTrump,Sat Mar 26 02:51:23 +0000 2016
realDonaldTrump,Sat Mar 26 02:47:47 +0000 2016
realDonaldTrump,Sat Mar 26 02:43:18 +0000 2016
realDonaldTrump,Fri Mar 25 21:03:32 +0000 2016
realDonaldTrump,Thu Mar 24 22:42:27 +0000 2016
realDonaldTrump,Thu Mar 24 22:31:17 +0000 2016
realDonaldTrump,Thu Mar 24 21:48:17 +0000 2016
realDonaldTrump,Thu Mar 24 18:14:18 +0000 2016
realDonaldTrump,Thu Mar 24 16:02:06 +0000 2016
realDonaldTrump,Thu Mar 24 15:59:13 +0000 2016
realDonaldTrump,Thu Mar 24 15:55:32 +0000 2016
realDonaldTrump,Thu Mar 24 15:52:11 +0000 2016
realDonaldTrump,Thu Mar 24 15:49:02 +0000 2016
realDonaldTrump,Thu Mar 24 15:39:16 +0000 2016
realDonaldTrump,Thu Mar 24 15:33:34 +0000 2016
realDonaldTrump,Thu Mar 24 14:46:29 +0000 2016
realDonaldTrump,Thu Mar 24 14:41:46 +0000 2016
realDonaldTrump,Thu Mar 24 14:38:13 +0000 2016
realDonaldTrump,Thu Mar 24 14:17:57 +0000 2016
realDonaldTrump,Thu Mar 24 14:14:14 +0000 2016
realDonaldTrump,Thu Mar 24 14:07:07 +0000 2016
realDonaldTrump,Thu Mar 24 14:02:27 +0000 2016
realDonaldTrump,Thu Mar 24 13:40:26 +0000 2016
realDonaldTrump,Thu Mar 24 11:59:06 +0000 2016
realDonaldTrump,Thu Mar 24 11:47:26 +0000 2016
realDonaldTrump,Thu Mar 24 03:55:00 +0000 2016
realDonaldTrump,Thu Mar 24 03:35:21 +0000 2016
realDonaldTrump,Thu Mar 24 03:03:33 +0000 2016
realDonaldTrump,Thu Mar 24 02:33:15 +0000 2016
realDonaldTrump,Wed Mar 23 23:25:00 +0000 2016
realDonaldTrump,Wed Mar 23 21:44:44 +0000 2016
realDonaldTrump,Wed Mar 23 21:12:54 +0000 2016
realDonaldTrump,Wed Mar 23 20:02:29 +0000 2016
realDonaldTrump,Wed Mar 23 19:54:59 +0000 2016
realDonaldTrump,Wed Mar 23 19:53:39 +0000 2016
realDonaldTrump,Wed Mar 23 19:49:49 +0000 2016
realDonaldTrump,Wed Mar 23 19:45:44 +0000 2016
realDonaldTrump,Wed Mar 23 18:35:50 +0000 2016
realDonaldTrump,Wed Mar 23 14:22:51 +0000 2016
realDonaldTrump,Wed Mar 23 04:04:34 +0000 2016
realDonaldTrump,Wed Mar 23 03:43:50 +0000 2016
realDonaldTrump,Wed Mar 23 03:30:10 +0000 2016
realDonaldTrump,Wed Mar 23 02:59:29 +0000 2016
realDonaldTrump,Wed Mar 23 01:53:05 +0000 2016
realDonaldTrump,Tue Mar 22 22:41:46 +0000 2016
realDonaldTrump,Tue Mar 22 19:17:41 +0000 2016
realDonaldTrump,Tue Mar 22 19:16:42 +0000 2016
realDonaldTrump,Tue Mar 22 19:04:07 +0000 2016
realDonaldTrump,Tue Mar 22 18:52:55 +0000 2016
realDonaldTrump,Tue Mar 22 18:21:24 +0000 2016
realDonaldTrump,Tue Mar 22 16:16:10 +0000 2016
realDonaldTrump,Tue Mar 22 15:32:36 +0000 2016
realDonaldTrump,Tue Mar 22 15:08:32 +0000 2016
realDonaldTrump,Tue Mar 22 14:54:32 +0000 2016
realDonaldTrump,Tue Mar 22 14:53:34 +0000 2016
realDonaldTrump,Tue Mar 22 12:04:43 +0000 2016
realDonaldTrump,Tue Mar 22 11:11:53 +0000 2016
realDonaldTrump,Mon Mar 21 02:34:26 +0000 2016
realDonaldTrump,Sun Mar 20 20:41:03 +0000 2016
realDonaldTrump,Sun Mar 20 19:45:33 +0000 2016
realDonaldTrump,Sun Mar 20 19:39:27 +0000 2016
realDonaldTrump,Sun Mar 20 19:10:55 +0000 2016
realDonaldTrump,Sun Mar 20 18:52:32 +0000 2016
realDonaldTrump,Sun Mar 20 16:13:50 +0000 2016
realDonaldTrump,Sun Mar 20 11:55:27 +0000 2016
realDonaldTrump,Sun Mar 20 11:51:21 +0000 2016
realDonaldTrump,Sun Mar 20 05:05:04 +0000 2016
realDonaldTrump,Sun Mar 20 04:51:59 +0000 2016
realDonaldTrump,Sun Mar 20 03:06:21 +0000 2016
realDonaldTrump,Sun Mar 20 01:39:20 +0000 2016
realDonaldTrump,Sun Mar 20 00:48:06 +0000 2016
realDonaldTrump,Sun Mar 20 00:34:31 +0000 2016
realDonaldTrump,Sun Mar 20 00:31:50 +0000 2016
realDonaldTrump,Sat Mar 19 19:38:11 +0000 2016
realDonaldTrump,Sat Mar 19 15:50:59 +0000 2016
realDonaldTrump,Sat Mar 19 15:40:55 +0000 2016
realDonaldTrump,Sat Mar 19 15:16:55 +0000 2016
realDonaldTrump,Sat Mar 19 15:14:32 +0000 2016
realDonaldTrump,Sat Mar 19 12:59:31 +0000 2016
realDonaldTrump,Sat Mar 19 12:16:26 +0000 2016
realDonaldTrump,Sat Mar 19 12:15:16 +0000 2016
realDonaldTrump,Sat Mar 19 12:11:56 +0000 2016
realDonaldTrump,Sat Mar 19 07:12:48 +0000 2016
realDonaldTrump,Sat Mar 19 07:11:26 +0000 2016
realDonaldTrump,Sat Mar 19 07:09:18 +0000 2016
realDonaldTrump,Sat Mar 19 07:00:56 +0000 2016
realDonaldTrump,Sat Mar 19 06:58:13 +0000 2016
realDonaldTrump,Sat Mar 19 04:48:35 +0000 2016
realDonaldTrump,Sat Mar 19 04:40:27 +0000 2016
realDonaldTrump,Sat Mar 19 04:28:43 +0000 2016
realDonaldTrump,Sat Mar 19 04:25:54 +0000 2016
realDonaldTrump,Sat Mar 19 04:11:18 +0000 2016
realDonaldTrump,Sat Mar 19 04:05:20 +0000 2016
realDonaldTrump,Sat Mar 19 03:45:23 +0000 2016
realDonaldTrump,Sat Mar 19 03:43:42 +0000 2016
realDonaldTrump,Sat Mar 19 01:54:24 +0000 2016
realDonaldTrump,Sat Mar 19 01:53:57 +0000 2016
realDonaldTrump,Sat Mar 19 01:05:55 +0000 2016
realDonaldTrump,Sat Mar 19 00:40:10 +0000 2016
realDonaldTrump,Fri Mar 18 21:55:11 +0000 2016
realDonaldTrump,Fri Mar 18 20:41:53 +0000 2016
realDonaldTrump,Fri Mar 18 20:39:05 +0000 2016
realDonaldTrump,Fri Mar 18 20:37:31 +0000 2016
realDonaldTrump,Fri Mar 18 20:21:17 +0000 2016
realDonaldTrump,Fri Mar 18 20:18:14 +0000 2016
realDonaldTrump,Fri Mar 18 20:07:50 +0000 2016
realDonaldTrump,Fri Mar 18 20:05:51 +0000 2016
realDonaldTrump,Fri Mar 18 19:57:35 +0000 2016
realDonaldTrump,Fri Mar 18 19:44:17 +0000 2016
realDonaldTrump,Fri Mar 18 19:08:05 +0000 2016
realDonaldTrump,Fri Mar 18 19:03:48 +0000 2016
realDonaldTrump,Fri Mar 18 16:42:29 +0000 2016
realDonaldTrump,Fri Mar 18 15:56:16 +0000 2016
realDonaldTrump,Fri Mar 18 00:37:17 +0000 2016
realDonaldTrump,Thu Mar 17 20:30:08 +0000 2016
realDonaldTrump,Thu Mar 17 18:33:31 +0000 2016
realDonaldTrump,Thu Mar 17 16:58:04 +0000 2016
realDonaldTrump,Thu Mar 17 16:54:21 +0000 2016
realDonaldTrump,Thu Mar 17 16:44:45 +0000 2016
realDonaldTrump,Thu Mar 17 13:22:07 +0000 2016
realDonaldTrump,Thu Mar 17 13:11:31 +0000 2016
realDonaldTrump,Thu Mar 17 13:08:55 +0000 2016
realDonaldTrump,Thu Mar 17 12:28:17 +0000 2016
realDonaldTrump,Thu Mar 17 12:19:55 +0000 2016
realDonaldTrump,Thu Mar 17 10:40:53 +0000 2016
realDonaldTrump,Thu Mar 17 10:17:00 +0000 2016
realDonaldTrump,Thu Mar 17 10:09:00 +0000 2016
realDonaldTrump,Wed Mar 16 21:26:40 +0000 2016
realDonaldTrump,Wed Mar 16 21:21:43 +0000 2016
realDonaldTrump,Wed Mar 16 18:56:09 +0000 2016
realDonaldTrump,Wed Mar 16 18:52:15 +0000 2016
realDonaldTrump,Wed Mar 16 17:47:07 +0000 2016
realDonaldTrump,Wed Mar 16 17:14:37 +0000 2016
realDonaldTrump,Wed Mar 16 17:13:17 +0000 2016
realDonaldTrump,Wed Mar 16 17:04:49 +0000 2016
realDonaldTrump,Wed Mar 16 16:19:58 +0000 2016
realDonaldTrump,Wed Mar 16 13:37:39 +0000 2016
realDonaldTrump,Wed Mar 16 13:34:19 +0000 2016
realDonaldTrump,Wed Mar 16 12:06:10 +0000 2016
realDonaldTrump,Wed Mar 16 12:02:01 +0000 2016
realDonaldTrump,Wed Mar 16 11:35:33 +0000 2016
realDonaldTrump,Wed Mar 16 10:30:14 +0000 2016
realDonaldTrump,Wed Mar 16 10:28:47 +0000 2016
realDonaldTrump,Wed Mar 16 05:50:49 +0000 2016
realDonaldTrump,Wed Mar 16 05:35:00 +0000 2016
realDonaldTrump,Wed Mar 16 03:16:09 +0000 2016
realDonaldTrump,Wed Mar 16 02:33:54 +0000 2016
realDonaldTrump,Wed Mar 16 01:48:52 +0000 2016
realDonaldTrump,Wed Mar 16 01:33:57 +0000 2016
realDonaldTrump,Wed Mar 16 00:09:08 +0000 2016
realDonaldTrump,Wed Mar 16 00:05:34 +0000 2016
realDonaldTrump,Wed Mar 16 00:05:11 +0000 2016
realDonaldTrump,Wed Mar 16 00:05:04 +0000 2016
realDonaldTrump,Tue Mar 15 23:54:29 +0000 2016
realDonaldTrump,Tue Mar 15 23:39:45 +0000 2016
realDonaldTrump,Tue Mar 15 23:37:47 +0000 2016
realDonaldTrump,Tue Mar 15 23:34:55 +0000 2016
realDonaldTrump,Tue Mar 15 23:34:02 +0000 2016
realDonaldTrump,Tue Mar 15 23:26:54 +0000 2016
realDonaldTrump,Tue Mar 15 23:06:59 +0000 2016
realDonaldTrump,Tue Mar 15 19:11:12 +0000 2016
realDonaldTrump,Tue Mar 15 16:16:16 +0000 2016
realDonaldTrump,Tue Mar 15 16:03:57 +0000 2016
realDonaldTrump,Tue Mar 15 15:03:34 +0000 2016
realDonaldTrump,Tue Mar 15 14:53:41 +0000 2016
realDonaldTrump,Tue Mar 15 14:36:09 +0000 2016
realDonaldTrump,Tue Mar 15 13:43:25 +0000 2016
realDonaldTrump,Tue Mar 15 13:37:24 +0000 2016
realDonaldTrump,Tue Mar 15 13:24:01 +0000 2016
realDonaldTrump,Tue Mar 15 12:38:37 +0000 2016
realDonaldTrump,Tue Mar 15 12:10:10 +0000 2016
realDonaldTrump,Tue Mar 15 11:31:46 +0000 2016
realDonaldTrump,Tue Mar 15 10:39:06 +0000 2016
realDonaldTrump,Tue Mar 15 10:25:53 +0000 2016
realDonaldTrump,Tue Mar 15 04:21:20 +0000 2016
realDonaldTrump,Tue Mar 15 04:10:00 +0000 2016
HillaryClinton,Mon Mar 28 04:27:42 +0000 2016
HillaryClinton,Mon Mar 28 00:43:02 +0000 2016
HillaryClinton,Sun Mar 27 23:06:08 +0000 2016
HillaryClinton,Sun Mar 27 20:23:51 +0000 2016
HillaryClinton,Sun Mar 27 19:21:55 +0000 2016
HillaryClinton,Sun Mar 27 16:54:59 +0000 2016
HillaryClinton,Sun Mar 27 14:14:46 +0000 2016
HillaryClinton,Sun Mar 27 02:02:16 +0000 2016
HillaryClinton,Sun Mar 27 00:41:28 +0000 2016
HillaryClinton,Sat Mar 26 22:43:38 +0000 2016
HillaryClinton,Sat Mar 26 21:28:51 +0000 2016
HillaryClinton,Sat Mar 26 19:38:12 +0000 2016
HillaryClinton,Sat Mar 26 18:24:52 +0000 2016
HillaryClinton,Sat Mar 26 16:53:05 +0000 2016
HillaryClinton,Sat Mar 26 15:52:35 +0000 2016
HillaryClinton,Sat Mar 26 14:39:09 +0000 2016
HillaryClinton,Sat Mar 26 00:52:39 +0000 2016
HillaryClinton,Fri Mar 25 21:26:14 +0000 2016
HillaryClinton,Fri Mar 25 21:03:26 +0000 2016
HillaryClinton,Fri Mar 25 20:05:00 +0000 2016
HillaryClinton,Fri Mar 25 18:00:19 +0000 2016
HillaryClinton,Fri Mar 25 16:18:16 +0000 2016
HillaryClinton,Fri Mar 25 14:48:54 +0000 2016
HillaryClinton,Fri Mar 25 14:29:10 +0000 2016
HillaryClinton,Fri Mar 25 13:55:28 +0000 2016
HillaryClinton,Fri Mar 25 13:05:53 +0000 2016
HillaryClinton,Fri Mar 25 02:16:39 +0000 2016
HillaryClinton,Fri Mar 25 01:15:31 +0000 2016
HillaryClinton,Thu Mar 24 23:45:48 +0000 2016
HillaryClinton,Thu Mar 24 23:01:35 +0000 2016
HillaryClinton,Thu Mar 24 20:58:53 +0000 2016
HillaryClinton,Thu Mar 24 18:18:25 +0000 2016
HillaryClinton,Thu Mar 24 17:57:33 +0000 2016
HillaryClinton,Thu Mar 24 16:42:36 +0000 2016
HillaryClinton,Thu Mar 24 15:50:01 +0000 2016
HillaryClinton,Thu Mar 24 14:19:14 +0000 2016
HillaryClinton,Thu Mar 24 13:05:54 +0000 2016
HillaryClinton,Thu Mar 24 01:34:17 +0000 2016
HillaryClinton,Thu Mar 24 00:36:45 +0000 2016
HillaryClinton,Wed Mar 23 23:42:36 +0000 2016
HillaryClinton,Wed Mar 23 22:25:57 +0000 2016
HillaryClinton,Wed Mar 23 21:49:05 +0000 2016
HillaryClinton,Wed Mar 23 21:00:56 +0000 2016
HillaryClinton,Wed Mar 23 20:23:56 +0000 2016
HillaryClinton,Wed Mar 23 19:10:03 +0000 2016
HillaryClinton,Wed Mar 23 19:07:48 +0000 2016
HillaryClinton,Wed Mar 23 19:06:02 +0000 2016
HillaryClinton,Wed Mar 23 19:04:47 +0000 2016
HillaryClinton,Wed Mar 23 19:03:16 +0000 2016
HillaryClinton,Wed Mar 23 18:57:38 +0000 2016
HillaryClinton,Wed Mar 23 18:55:10 +0000 2016
HillaryClinton,Wed Mar 23 18:53:37 +0000 2016
HillaryClinton,Wed Mar 23 18:48:21 +0000 2016
HillaryClinton,Wed Mar 23 18:47:24 +0000 2016
HillaryClinton,Wed Mar 23 18:42:25 +0000 2016
HillaryClinton,Wed Mar 23 16:56:37 +0000 2016
HillaryClinton,Wed Mar 23 16:12:57 +0000 2016
HillaryClinton,Wed Mar 23 15:41:15 +0000 2016
HillaryClinton,Wed Mar 23 15:14:06 +0000 2016
HillaryClinton,Wed Mar 23 14:45:48 +0000 2016
HillaryClinton,Wed Mar 23 14:43:47 +0000 2016
HillaryClinton,Wed Mar 23 14:40:57 +0000 2016
HillaryClinton,Wed Mar 23 04:13:06 +0000 2016
HillaryClinton,Wed Mar 23 04:07:07 +0000 2016
HillaryClinton,Wed Mar 23 04:05:42 +0000 2016
HillaryClinton,Wed Mar 23 04:03:06 +0000 2016
HillaryClinton,Wed Mar 23 03:34:12 +0000 2016
HillaryClinton,Wed Mar 23 03:28:05 +0000 2016
HillaryClinton,Wed Mar 23 03:22:58 +0000 2016
HillaryClinton,Tue Mar 22 23:28:55 +0000 2016
HillaryClinton,Tue Mar 22 23:01:47 +0000 2016
HillaryClinton,Tue Mar 22 22:25:43 +0000 2016
HillaryClinton,Tue Mar 22 21:04:40 +0000 2016
HillaryClinton,Tue Mar 22 19:55:20 +0000 2016
HillaryClinton,Tue Mar 22 18:44:21 +0000 2016
HillaryClinton,Tue Mar 22 18:23:38 +0000 2016
HillaryClinton,Tue Mar 22 17:32:04 +0000 2016
HillaryClinton,Tue Mar 22 17:10:09 +0000 2016
HillaryClinton,Tue Mar 22 16:47:49 +0000 2016
HillaryClinton,Tue Mar 22 16:13:04 +0000 2016
HillaryClinton,Tue Mar 22 15:47:46 +0000 2016
HillaryClinton,Tue Mar 22 15:18:19 +0000 2016
HillaryClinton,Tue Mar 22 14:48:06 +0000 2016
HillaryClinton,Tue Mar 22 14:09:56 +0000 2016
HillaryClinton,Tue Mar 22 14:08:53 +0000 2016
HillaryClinton,Tue Mar 22 03:10:17 +0000 2016
HillaryClinton,Tue Mar 22 02:11:36 +0000 2016
HillaryClinton,Tue Mar 22 01:48:59 +0000 2016
HillaryClinton,Tue Mar 22 01:47:38 +0000 2016
HillaryClinton,Tue Mar 22 01:45:14 +0000 2016
HillaryClinton,Tue Mar 22 01:43:52 +0000 2016
HillaryClinton,Tue Mar 22 01:25:25 +0000 2016
HillaryClinton,Tue Mar 22 00:12:07 +0000 2016
HillaryClinton,Mon Mar 21 22:01:04 +0000 2016
HillaryClinton,Mon Mar 21 19:55:56 +0000 2016
HillaryClinton,Mon Mar 21 18:30:05 +0000 2016
HillaryClinton,Mon Mar 21 17:31:06 +0000 2016
HillaryClinton,Mon Mar 21 15:53:19 +0000 2016
HillaryClinton,Mon Mar 21 14:36:35 +0000 2016
HillaryClinton,Mon Mar 21 14:10:12 +0000 2016
HillaryClinton,Mon Mar 21 01:09:21 +0000 2016
HillaryClinton,Sun Mar 20 23:34:38 +0000 2016
HillaryClinton,Sun Mar 20 20:56:11 +0000 2016
HillaryClinton,Sun Mar 20 16:06:18 +0000 2016
HillaryClinton,Sat Mar 19 21:32:50 +0000 2016
HillaryClinton,Sat Mar 19 19:30:53 +0000 2016
HillaryClinton,Sat Mar 19 15:00:29 +0000 2016
HillaryClinton,Sat Mar 19 13:20:28 +0000 2016
HillaryClinton,Sat Mar 19 02:32:51 +0000 2016
HillaryClinton,Sat Mar 19 00:15:55 +0000 2016
HillaryClinton,Fri Mar 18 22:56:26 +0000 2016
HillaryClinton,Fri Mar 18 22:03:57 +0000 2016
HillaryClinton,Fri Mar 18 20:19:36 +0000 2016
HillaryClinton,Fri Mar 18 19:41:06 +0000 2016
HillaryClinton,Fri Mar 18 19:39:08 +0000 2016
HillaryClinton,Fri Mar 18 19:36:08 +0000 2016
HillaryClinton,Fri Mar 18 17:01:53 +0000 2016
HillaryClinton,Fri Mar 18 15:15:16 +0000 2016
HillaryClinton,Fri Mar 18 14:03:57 +0000 2016
HillaryClinton,Fri Mar 18 13:03:26 +0000 2016
HillaryClinton,Fri Mar 18 00:54:13 +0000 2016
HillaryClinton,Thu Mar 17 22:52:26 +0000 2016
HillaryClinton,Thu Mar 17 20:55:35 +0000 2016
HillaryClinton,Thu Mar 17 18:33:49 +0000 2016
HillaryClinton,Thu Mar 17 16:27:02 +0000 2016
HillaryClinton,Thu Mar 17 15:14:15 +0000 2016
HillaryClinton,Thu Mar 17 13:03:58 +0000 2016
HillaryClinton,Thu Mar 17 02:08:36 +0000 2016
HillaryClinton,Thu Mar 17 00:53:26 +0000 2016
HillaryClinton,Wed Mar 16 23:16:46 +0000 2016
HillaryClinton,Wed Mar 16 21:54:24 +0000 2016
HillaryClinton,Wed Mar 16 20:45:08 +0000 2016
HillaryClinton,Wed Mar 16 20:35:58 +0000 2016
HillaryClinton,Wed Mar 16 20:01:25 +0000 2016
HillaryClinton,Wed Mar 16 17:30:15 +0000 2016
HillaryClinton,Wed Mar 16 16:52:14 +0000 2016
HillaryClinton,Wed Mar 16 05:31:30 +0000 2016
HillaryClinton,Wed Mar 16 05:00:22 +0000 2016
HillaryClinton,Wed Mar 16 04:28:33 +0000 2016
HillaryClinton,Wed Mar 16 04:25:42 +0000 2016
HillaryClinton,Wed Mar 16 02:31:20 +0000 2016
HillaryClinton,Wed Mar 16 01:21:07 +0000 2016
HillaryClinton,Wed Mar 16 01:16:46 +0000 2016
HillaryClinton,Wed Mar 16 01:11:44 +0000 2016
HillaryClinton,Wed Mar 16 01:09:45 +0000 2016
HillaryClinton,Wed Mar 16 01:09:11 +0000 2016
HillaryClinton,Wed Mar 16 01:07:44 +0000 2016
HillaryClinton,Wed Mar 16 01:06:47 +0000 2016
HillaryClinton,Wed Mar 16 01:03:54 +0000 2016
HillaryClinton,Wed Mar 16 00:42:31 +0000 2016
HillaryClinton,Wed Mar 16 00:38:33 +0000 2016
HillaryClinton,Wed Mar 16 00:19:13 +0000 2016
HillaryClinton,Wed Mar 16 00:12:38 +0000 2016
HillaryClinton,Wed Mar 16 00:05:45 +0000 2016
HillaryClinton,Tue Mar 15 23:50:42 +0000 2016
HillaryClinton,Tue Mar 15 22:55:57 +0000 2016
HillaryClinton,Tue Mar 15 22:41:14 +0000 2016
HillaryClinton,Tue Mar 15 22:26:19 +0000 2016
HillaryClinton,Tue Mar 15 21:01:24 +0000 2016
HillaryClinton,Tue Mar 15 20:18:08 +0000 2016
HillaryClinton,Tue Mar 15 19:51:14 +0000 2016
HillaryClinton,Tue Mar 15 19:13:55 +0000 2016
HillaryClinton,Tue Mar 15 18:51:44 +0000 2016
HillaryClinton,Tue Mar 15 18:20:39 +0000 2016
HillaryClinton,Tue Mar 15 17:53:05 +0000 2016
HillaryClinton,Tue Mar 15 17:33:21 +0000 2016
HillaryClinton,Tue Mar 15 17:01:49 +0000 2016
HillaryClinton,Tue Mar 15 15:22:16 +0000 2016
HillaryClinton,Tue Mar 15 13:03:44 +0000 2016
HillaryClinton,Tue Mar 15 11:42:03 +0000 2016
HillaryClinton,Tue Mar 15 02:45:34 +0000 2016
HillaryClinton,Tue Mar 15 01:01:55 +0000 2016
HillaryClinton,Tue Mar 15 00:04:57 +0000 2016
HillaryClinton,Mon Mar 14 23:44:37 +0000 2016
HillaryClinton,Mon Mar 14 23:29:21 +0000 2016
HillaryClinton,Mon Mar 14 23:09:41 +0000 2016
HillaryClinton,Mon Mar 14 21:06:37 +0000 2016
HillaryClinton,Mon Mar 14 19:52:45 +0000 2016
HillaryClinton,Mon Mar 14 19:34:16 +0000 2016
HillaryClinton,Mon Mar 14 18:34:40 +0000 2016
HillaryClinton,Mon Mar 14 17:27:08 +0000 2016
HillaryClinton,Mon Mar 14 16:00:25 +0000 2016
HillaryClinton,Mon Mar 14 14:51:43 +0000 2016
HillaryClinton,Mon Mar 14 13:02:42 +0000 2016
HillaryClinton,Mon Mar 14 02:01:28 +0000 2016
HillaryClinton,Mon Mar 14 01:53:54 +0000 2016
HillaryClinton,Mon Mar 14 01:51:52 +0000 2016
HillaryClinton,Mon Mar 14 01:42:34 +0000 2016
HillaryClinton,Mon Mar 14 01:37:45 +0000 2016
HillaryClinton,Mon Mar 14 01:33:05 +0000 2016
HillaryClinton,Mon Mar 14 01:09:02 +0000 2016
HillaryClinton,Mon Mar 14 01:06:40 +0000 2016
HillaryClinton,Mon Mar 14 01:06:25 +0000 2016
HillaryClinton,Mon Mar 14 00:37:42 +0000 2016
HillaryClinton,Mon Mar 14 00:27:12 +0000 2016
HillaryClinton,Mon Mar 14 00:26:31 +0000 2016
HillaryClinton,Mon Mar 14 00:24:56 +0000 2016
HillaryClinton,Mon Mar 14 00:24:37 +0000 2016
HillaryClinton,Mon Mar 14 00:24:23 +0000 2016
HillaryClinton,Mon Mar 14 00:23:43 +0000 2016
tedcruz,Sun Mar 27 23:25:21 +0000 2016
tedcruz,Sun Mar 27 18:04:05 +0000 2016
tedcruz,Sun Mar 27 16:10:41 +0000 2016
tedcruz,Sun Mar 27 13:39:46 +0000 2016
tedcruz,Sun Mar 27 03:19:33 +0000 2016
tedcruz,Sun Mar 27 01:02:38 +0000 2016
tedcruz,Sat Mar 26 23:28:49 +0000 2016
tedcruz,Sat Mar 26 23:15:07 +0000 2016
tedcruz,Sat Mar 26 22:45:11 +0000 2016
tedcruz,Sat Mar 26 22:18:25 +0000 2016
tedcruz,Sat Mar 26 22:02:50 +0000 2016
tedcruz,Sat Mar 26 21:45:06 +0000 2016
tedcruz,Sat Mar 26 21:44:07 +0000 2016
tedcruz,Sat Mar 26 21:15:04 +0000 2016
tedcruz,Sat Mar 26 21:07:34 +0000 2016
tedcruz,Sat Mar 26 21:01:16 +0000 2016
tedcruz,Sat Mar 26 20:45:05 +0000 2016
tedcruz,Sat Mar 26 20:15:04 +0000 2016
tedcruz,Sat Mar 26 20:12:03 +0000 2016
tedcruz,Sat Mar 26 19:47:25 +0000 2016
tedcruz,Sat Mar 26 19:30:05 +0000 2016
tedcruz,Sat Mar 26 16:11:24 +0000 2016
tedcruz,Sat Mar 26 13:02:29 +0000 2016
tedcruz,Sat Mar 26 02:24:45 +0000 2016
tedcruz,Sat Mar 26 02:24:35 +0000 2016
tedcruz,Sat Mar 26 02:02:43 +0000 2016
tedcruz,Sat Mar 26 01:38:04 +0000 2016
tedcruz,Sat Mar 26 01:33:33 +0000 2016
tedcruz,Fri Mar 25 23:52:02 +0000 2016
tedcruz,Fri Mar 25 23:14:21 +0000 2016
tedcruz,Fri Mar 25 22:45:42 +0000 2016
tedcruz,Fri Mar 25 21:31:50 +0000 2016
tedcruz,Fri Mar 25 21:24:18 +0000 2016
tedcruz,Fri Mar 25 21:17:42 +0000 2016
tedcruz,Fri Mar 25 20:35:41 +0000 2016
tedcruz,Fri Mar 25 20:33:43 +0000 2016
tedcruz,Fri Mar 25 19:21:42 +0000 2016
tedcruz,Fri Mar 25 17:43:10 +0000 2016
tedcruz,Fri Mar 25 17:41:44 +0000 2016
tedcruz,Fri Mar 25 17:16:05 +0000 2016
tedcruz,Fri Mar 25 17:13:29 +0000 2016
tedcruz,Fri Mar 25 17:01:46 +0000 2016
tedcruz,Fri Mar 25 16:38:44 +0000 2016
tedcruz,Fri Mar 25 16:01:46 +0000 2016
tedcruz,Fri Mar 25 15:35:33 +0000 2016
tedcruz,Fri Mar 25 15:01:43 +0000 2016
tedcruz,Fri Mar 25 14:53:09 +0000 2016
tedcruz,Fri Mar 25 14:07:20 +0000 2016
tedcruz,Fri Mar 25 13:33:17 +0000 2016
tedcruz,Fri Mar 25 12:31:30 +0000 2016
tedcruz,Fri Mar 25 12:21:40 +0000 2016
tedcruz,Fri Mar 25 04:52:52 +0000 2016
tedcruz,Fri Mar 25 01:31:32 +0000 2016
tedcruz,Fri Mar 25 01:30:45 +0000 2016
tedcruz,Fri Mar 25 01:30:13 +0000 2016
tedcruz,Fri Mar 25 01:26:13 +0000 2016
tedcruz,Fri Mar 25 01:03:47 +0000 2016
tedcruz,Thu Mar 24 23:56:21 +0000 2016
tedcruz,Thu Mar 24 23:26:19 +0000 2016
tedcruz,Thu Mar 24 22:41:55 +0000 2016
tedcruz,Thu Mar 24 22:38:25 +0000 2016
tedcruz,Thu Mar 24 22:31:17 +0000 2016
tedcruz,Thu Mar 24 22:28:27 +0000 2016
tedcruz,Thu Mar 24 22:25:32 +0000 2016
tedcruz,Thu Mar 24 22:21:02 +0000 2016
tedcruz,Thu Mar 24 22:19:15 +0000 2016
tedcruz,Thu Mar 24 22:13:09 +0000 2016
tedcruz,Thu Mar 24 22:12:55 +0000 2016
tedcruz,Thu Mar 24 20:37:28 +0000 2016
tedcruz,Thu Mar 24 20:32:21 +0000 2016
tedcruz,Thu Mar 24 20:26:49 +0000 2016
tedcruz,Thu Mar 24 19:31:13 +0000 2016
tedcruz,Thu Mar 24 17:18:50 +0000 2016
tedcruz,Thu Mar 24 17:03:37 +0000 2016
tedcruz,Thu Mar 24 16:39:28 +0000 2016
tedcruz,Thu Mar 24 16:27:37 +0000 2016
tedcruz,Thu Mar 24 14:18:26 +0000 2016
tedcruz,Thu Mar 24 13:10:55 +0000 2016
tedcruz,Thu Mar 24 13:10:44 +0000 2016
tedcruz,Thu Mar 24 04:37:05 +0000 2016
tedcruz,Thu Mar 24 04:30:49 +0000 2016
tedcruz,Thu Mar 24 03:05:30 +0000 2016
tedcruz,Thu Mar 24 02:41:56 +0000 2016
tedcruz,Thu Mar 24 02:40:38 +0000 2016
tedcruz,Thu Mar 24 02:36:18 +0000 2016
tedcruz,Thu Mar 24 02:36:07 +0000 2016
tedcruz,Thu Mar 24 02:32:41 +0000 2016
tedcruz,Thu Mar 24 00:47:26 +0000 2016
tedcruz,Thu Mar 24 00:16:20 +0000 2016
tedcruz,Thu Mar 24 00:14:08 +0000 2016
tedcruz,Wed Mar 23 23:31:30 +0000 2016
tedcruz,Wed Mar 23 23:02:47 +0000 2016
tedcruz,Wed Mar 23 22:15:18 +0000 2016
tedcruz,Wed Mar 23 22:15:01 +0000 2016
tedcruz,Wed Mar 23 22:03:51 +0000 2016
tedcruz,Wed Mar 23 20:18:46 +0000 2016
tedcruz,Wed Mar 23 20:13:34 +0000 2016
tedcruz,Wed Mar 23 19:14:50 +0000 2016
tedcruz,Wed Mar 23 18:23:42 +0000 2016
tedcruz,Wed Mar 23 18:02:32 +0000 2016
tedcruz,Wed Mar 23 17:54:52 +0000 2016
tedcruz,Wed Mar 23 17:24:22 +0000 2016
tedcruz,Wed Mar 23 16:43:54 +0000 2016
tedcruz,Wed Mar 23 16:10:41 +0000 2016
tedcruz,Wed Mar 23 16:03:31 +0000 2016
tedcruz,Wed Mar 23 15:56:00 +0000 2016
tedcruz,Wed Mar 23 15:53:23 +0000 2016
tedcruz,Wed Mar 23 15:38:41 +0000 2016
tedcruz,Wed Mar 23 14:08:13 +0000 2016
tedcruz,Wed Mar 23 14:00:52 +0000 2016
tedcruz,Wed Mar 23 13:50:19 +0000 2016
tedcruz,Wed Mar 23 13:43:21 +0000 2016
tedcruz,Wed Mar 23 12:59:39 +0000 2016
tedcruz,Wed Mar 23 12:51:21 +0000 2016
tedcruz,Wed Mar 23 12:34:47 +0000 2016
tedcruz,Wed Mar 23 12:33:16 +0000 2016
tedcruz,Wed Mar 23 12:23:05 +0000 2016
tedcruz,Wed Mar 23 11:31:46 +0000 2016
tedcruz,Wed Mar 23 11:31:36 +0000 2016
tedcruz,Wed Mar 23 11:30:16 +0000 2016
tedcruz,Wed Mar 23 11:19:24 +0000 2016
tedcruz,Wed Mar 23 11:08:26 +0000 2016
tedcruz,Wed Mar 23 11:02:07 +0000 2016
tedcruz,Wed Mar 23 10:37:01 +0000 2016
tedcruz,Wed Mar 23 10:16:10 +0000 2016
tedcruz,Wed Mar 23 10:13:00 +0000 2016
tedcruz,Wed Mar 23 07:05:16 +0000 2016
tedcruz,Wed Mar 23 06:43:29 +0000 2016
tedcruz,Wed Mar 23 03:27:28 +0000 2016
tedcruz,Wed Mar 23 02:45:00 +0000 2016
tedcruz,Wed Mar 23 02:21:33 +0000 2016
tedcruz,Wed Mar 23 00:43:57 +0000 2016
tedcruz,Wed Mar 23 00:21:58 +0000 2016
tedcruz,Wed Mar 23 00:03:43 +0000 2016
tedcruz,Tue Mar 22 23:24:47 +0000 2016
tedcruz,Tue Mar 22 22:53:14 +0000 2016
tedcruz,Tue Mar 22 22:42:35 +0000 2016
tedcruz,Tue Mar 22 22:11:48 +0000 2016
tedcruz,Tue Mar 22 22:10:38 +0000 2016
tedcruz,Tue Mar 22 21:06:33 +0000 2016
tedcruz,Tue Mar 22 21:05:15 +0000 2016
tedcruz,Tue Mar 22 20:37:45 +0000 2016
tedcruz,Tue Mar 22 20:04:22 +0000 2016
tedcruz,Tue Mar 22 20:03:38 +0000 2016
tedcruz,Tue Mar 22 20:00:45 +0000 2016
tedcruz,Tue Mar 22 19:37:55 +0000 2016
tedcruz,Tue Mar 22 19:26:40 +0000 2016
tedcruz,Tue Mar 22 18:26:26 +0000 2016
tedcruz,Tue Mar 22 17:37:51 +0000 2016
tedcruz,Tue Mar 22 17:06:34 +0000 2016
tedcruz,Tue Mar 22 16:27:31 +0000 2016
tedcruz,Tue Mar 22 16:24:10 +0000 2016
tedcruz,Tue Mar 22 16:21:06 +0000 2016
tedcruz,Tue Mar 22 15:33:10 +0000 2016
tedcruz,Tue Mar 22 15:21:24 +0000 2016
tedcruz,Tue Mar 22 15:10:51 +0000 2016
tedcruz,Tue Mar 22 15:10:39 +0000 2016
tedcruz,Tue Mar 22 15:00:36 +0000 2016
tedcruz,Tue Mar 22 14:45:10 +0000 2016
tedcruz,Tue Mar 22 13:59:08 +0000 2016
tedcruz,Tue Mar 22 12:50:09 +0000 2016
tedcruz,Tue Mar 22 12:44:16 +0000 2016
tedcruz,Tue Mar 22 12:22:06 +0000 2016
tedcruz,Tue Mar 22 12:21:22 +0000 2016
tedcruz,Tue Mar 22 12:20:34 +0000 2016
tedcruz,Tue Mar 22 12:19:38 +0000 2016
tedcruz,Tue Mar 22 02:53:12 +0000 2016
tedcruz,Tue Mar 22 02:51:12 +0000 2016
tedcruz,Tue Mar 22 02:27:32 +0000 2016
tedcruz,Tue Mar 22 01:22:53 +0000 2016
tedcruz,Tue Mar 22 00:27:07 +0000 2016
tedcruz,Tue Mar 22 00:22:45 +0000 2016
tedcruz,Mon Mar 21 23:24:20 +0000 2016
tedcruz,Mon Mar 21 23:23:19 +0000 2016
tedcruz,Mon Mar 21 23:19:03 +0000 2016
tedcruz,Mon Mar 21 23:16:19 +0000 2016
tedcruz,Mon Mar 21 23:13:43 +0000 2016
tedcruz,Mon Mar 21 23:11:25 +0000 2016
tedcruz,Mon Mar 21 23:09:02 +0000 2016
tedcruz,Mon Mar 21 23:04:07 +0000 2016
tedcruz,Mon Mar 21 22:46:41 +0000 2016
tedcruz,Mon Mar 21 22:28:19 +0000 2016
tedcruz,Mon Mar 21 22:22:25 +0000 2016
tedcruz,Mon Mar 21 22:13:41 +0000 2016
tedcruz,Mon Mar 21 21:41:16 +0000 2016
tedcruz,Mon Mar 21 21:28:53 +0000 2016
tedcruz,Mon Mar 21 21:27:43 +0000 2016
tedcruz,Mon Mar 21 20:38:34 +0000 2016
tedcruz,Mon Mar 21 20:18:11 +0000 2016
tedcruz,Mon Mar 21 20:09:22 +0000 2016
tedcruz,Mon Mar 21 20:09:07 +0000 2016
tedcruz,Mon Mar 21 20:08:21 +0000 2016
tedcruz,Mon Mar 21 18:02:05 +0000 2016
tedcruz,Mon Mar 21 17:57:44 +0000 2016
tedcruz,Mon Mar 21 17:25:54 +0000 2016
tedcruz,Mon Mar 21 17:15:03 +0000 2016
tedcruz,Mon Mar 21 17:07:39 +0000 2016
JohnKasich,Sun Mar 27 18:24:13 +0000 2016
JohnKasich,Sun Mar 27 18:10:47 +0000 2016
JohnKasich,Sun Mar 27 15:54:49 +0000 2016
JohnKasich,Sun Mar 27 12:16:38 +0000 2016
JohnKasich,Sun Mar 27 12:08:32 +0000 2016
JohnKasich,Sun Mar 27 01:50:42 +0000 2016
JohnKasich,Sat Mar 26 21:33:05 +0000 2016
JohnKasich,Sat Mar 26 21:31:52 +0000 2016
JohnKasich,Sat Mar 26 21:31:15 +0000 2016
JohnKasich,Sat Mar 26 16:05:12 +0000 2016
JohnKasich,Fri Mar 25 22:07:53 +0000 2016
JohnKasich,Fri Mar 25 20:16:28 +0000 2016
JohnKasich,Fri Mar 25 20:14:25 +0000 2016
JohnKasich,Fri Mar 25 20:12:58 +0000 2016
JohnKasich,Fri Mar 25 13:41:00 +0000 2016
JohnKasich,Fri Mar 25 00:24:02 +0000 2016
JohnKasich,Thu Mar 24 23:18:13 +0000 2016
JohnKasich,Thu Mar 24 20:53:03 +0000 2016
JohnKasich,Thu Mar 24 20:28:16 +0000 2016
JohnKasich,Thu Mar 24 20:15:08 +0000 2016
JohnKasich,Thu Mar 24 17:59:23 +0000 2016
JohnKasich,Thu Mar 24 17:51:31 +0000 2016
JohnKasich,Thu Mar 24 17:51:05 +0000 2016
JohnKasich,Thu Mar 24 16:01:58 +0000 2016
JohnKasich,Thu Mar 24 16:01:38 +0000 2016
JohnKasich,Thu Mar 24 14:43:11 +0000 2016
JohnKasich,Thu Mar 24 14:36:27 +0000 2016
JohnKasich,Thu Mar 24 14:00:12 +0000 2016
JohnKasich,Thu Mar 24 13:45:47 +0000 2016
JohnKasich,Thu Mar 24 13:45:21 +0000 2016
JohnKasich,Thu Mar 24 13:26:37 +0000 2016
JohnKasich,Thu Mar 24 01:18:31 +0000 2016
JohnKasich,Thu Mar 24 01:03:45 +0000 2016
JohnKasich,Wed Mar 23 23:01:57 +0000 2016
JohnKasich,Wed Mar 23 22:26:40 +0000 2016
JohnKasich,Wed Mar 23 22:13:23 +0000 2016
JohnKasich,Wed Mar 23 19:54:27 +0000 2016
JohnKasich,Wed Mar 23 18:08:35 +0000 2016
JohnKasich,Wed Mar 23 18:06:44 +0000 2016
JohnKasich,Wed Mar 23 17:28:15 +0000 2016
JohnKasich,Wed Mar 23 15:46:12 +0000 2016
JohnKasich,Wed Mar 23 14:32:35 +0000 2016
JohnKasich,Wed Mar 23 14:30:50 +0000 2016
JohnKasich,Wed Mar 23 14:05:38 +0000 2016
JohnKasich,Wed Mar 23 02:50:44 +0000 2016
JohnKasich,Tue Mar 22 23:23:06 +0000 2016
JohnKasich,Tue Mar 22 23:18:30 +0000 2016
JohnKasich,Tue Mar 22 21:37:32 +0000 2016
JohnKasich,Tue Mar 22 20:59:17 +0000 2016
JohnKasich,Tue Mar 22 20:52:57 +0000 2016
JohnKasich,Tue Mar 22 17:32:41 +0000 2016
JohnKasich,Tue Mar 22 17:20:41 +0000 2016
JohnKasich,Tue Mar 22 17:11:20 +0000 2016
JohnKasich,Tue Mar 22 17:03:34 +0000 2016
JohnKasich,Tue Mar 22 16:09:27 +0000 2016
JohnKasich,Tue Mar 22 15:44:33 +0000 2016
JohnKasich,Tue Mar 22 14:41:15 +0000 2016
JohnKasich,Tue Mar 22 14:41:05 +0000 2016
JohnKasich,Tue Mar 22 14:17:30 +0000 2016
JohnKasich,Tue Mar 22 14:14:37 +0000 2016
JohnKasich,Tue Mar 22 13:26:00 +0000 2016
JohnKasich,Tue Mar 22 11:50:43 +0000 2016
JohnKasich,Tue Mar 22 02:17:21 +0000 2016
JohnKasich,Tue Mar 22 01:44:11 +0000 2016
JohnKasich,Tue Mar 22 00:43:53 +0000 2016
JohnKasich,Mon Mar 21 22:23:35 +0000 2016
JohnKasich,Mon Mar 21 22:17:24 +0000 2016
JohnKasich,Mon Mar 21 22:16:59 +0000 2016
JohnKasich,Mon Mar 21 22:07:46 +0000 2016
JohnKasich,Mon Mar 21 22:03:44 +0000 2016
JohnKasich,Mon Mar 21 22:00:47 +0000 2016
JohnKasich,Mon Mar 21 21:49:13 +0000 2016
JohnKasich,Mon Mar 21 21:46:15 +0000 2016
JohnKasich,Mon Mar 21 21:44:53 +0000 2016
JohnKasich,Mon Mar 21 21:39:12 +0000 2016
JohnKasich,Mon Mar 21 21:39:01 +0000 2016
JohnKasich,Mon Mar 21 21:38:26 +0000 2016
JohnKasich,Mon Mar 21 21:37:29 +0000 2016
JohnKasich,Mon Mar 21 20:43:03 +0000 2016
JohnKasich,Mon Mar 21 18:59:21 +0000 2016
JohnKasich,Mon Mar 21 16:29:25 +0000 2016
JohnKasich,Mon Mar 21 14:38:13 +0000 2016
JohnKasich,Mon Mar 21 13:42:05 +0000 2016
JohnKasich,Sun Mar 20 19:22:24 +0000 2016
JohnKasich,Sun Mar 20 13:21:28 +0000 2016
JohnKasich,Sun Mar 20 13:05:33 +0000 2016
JohnKasich,Sun Mar 20 02:53:16 +0000 2016
JohnKasich,Sun Mar 20 02:27:53 +0000 2016
JohnKasich,Sun Mar 20 00:12:15 +0000 2016
JohnKasich,Sat Mar 19 23:38:08 +0000 2016
JohnKasich,Sat Mar 19 23:36:43 +0000 2016
JohnKasich,Sat Mar 19 23:26:44 +0000 2016
JohnKasich,Sat Mar 19 20:52:05 +0000 2016
JohnKasich,Sat Mar 19 20:51:44 +0000 2016
JohnKasich,Sat Mar 19 19:58:46 +0000 2016
JohnKasich,Sat Mar 19 19:48:47 +0000 2016
JohnKasich,Sat Mar 19 17:16:42 +0000 2016
JohnKasich,Sat Mar 19 02:34:07 +0000 2016
JohnKasich,Sat Mar 19 00:53:46 +0000 2016
JohnKasich,Sat Mar 19 00:53:46 +0000 2016
JohnKasich,Fri Mar 18 23:31:16 +0000 2016
JohnKasich,Fri Mar 18 23:17:55 +0000 2016
JohnKasich,Fri Mar 18 23:07:32 +0000 2016
JohnKasich,Fri Mar 18 23:02:54 +0000 2016
JohnKasich,Fri Mar 18 23:01:20 +0000 2016
JohnKasich,Fri Mar 18 22:31:17 +0000 2016
JohnKasich,Fri Mar 18 21:30:40 +0000 2016
JohnKasich,Fri Mar 18 21:14:57 +0000 2016
JohnKasich,Fri Mar 18 21:11:58 +0000 2016
JohnKasich,Fri Mar 18 21:11:25 +0000 2016
JohnKasich,Fri Mar 18 20:27:06 +0000 2016
JohnKasich,Fri Mar 18 20:14:15 +0000 2016
JohnKasich,Fri Mar 18 19:43:12 +0000 2016
JohnKasich,Fri Mar 18 19:24:14 +0000 2016
JohnKasich,Fri Mar 18 19:08:48 +0000 2016
JohnKasich,Fri Mar 18 18:25:31 +0000 2016
JohnKasich,Fri Mar 18 18:24:06 +0000 2016
JohnKasich,Fri Mar 18 16:27:53 +0000 2016
JohnKasich,Fri Mar 18 14:05:27 +0000 2016
JohnKasich,Thu Mar 17 23:18:20 +0000 2016
JohnKasich,Thu Mar 17 22:59:29 +0000 2016
JohnKasich,Thu Mar 17 19:38:33 +0000 2016
JohnKasich,Thu Mar 17 17:45:05 +0000 2016
JohnKasich,Thu Mar 17 16:13:37 +0000 2016
JohnKasich,Thu Mar 17 16:13:25 +0000 2016
JohnKasich,Thu Mar 17 16:13:09 +0000 2016
JohnKasich,Thu Mar 17 16:12:55 +0000 2016
JohnKasich,Thu Mar 17 14:50:48 +0000 2016
JohnKasich,Thu Mar 17 12:02:15 +0000 2016
JohnKasich,Thu Mar 17 00:02:57 +0000 2016
JohnKasich,Wed Mar 16 20:58:44 +0000 2016
JohnKasich,Wed Mar 16 18:07:35 +0000 2016
JohnKasich,Wed Mar 16 16:54:06 +0000 2016
JohnKasich,Wed Mar 16 16:53:23 +0000 2016
JohnKasich,Wed Mar 16 16:52:48 +0000 2016
JohnKasich,Wed Mar 16 16:26:26 +0000 2016
JohnKasich,Wed Mar 16 16:22:46 +0000 2016
JohnKasich,Wed Mar 16 16:01:26 +0000 2016
JohnKasich,Wed Mar 16 14:09:29 +0000 2016
JohnKasich,Wed Mar 16 04:08:26 +0000 2016
JohnKasich,Wed Mar 16 04:06:05 +0000 2016
JohnKasich,Wed Mar 16 02:08:30 +0000 2016
JohnKasich,Wed Mar 16 01:56:52 +0000 2016
JohnKasich,Wed Mar 16 01:46:08 +0000 2016
JohnKasich,Wed Mar 16 01:31:37 +0000 2016
JohnKasich,Wed Mar 16 01:28:48 +0000 2016
JohnKasich,Wed Mar 16 01:09:10 +0000 2016
JohnKasich,Wed Mar 16 00:49:16 +0000 2016
JohnKasich,Wed Mar 16 00:46:16 +0000 2016
JohnKasich,Wed Mar 16 00:30:43 +0000 2016
JohnKasich,Tue Mar 15 23:55:25 +0000 2016
JohnKasich,Tue Mar 15 23:27:59 +0000 2016
JohnKasich,Tue Mar 15 22:47:49 +0000 2016
JohnKasich,Tue Mar 15 22:32:46 +0000 2016
JohnKasich,Tue Mar 15 22:31:38 +0000 2016
JohnKasich,Tue Mar 15 22:10:22 +0000 2016
JohnKasich,Tue Mar 15 21:52:19 +0000 2016
JohnKasich,Tue Mar 15 21:33:12 +0000 2016
JohnKasich,Tue Mar 15 20:32:05 +0000 2016
JohnKasich,Tue Mar 15 19:42:31 +0000 2016
JohnKasich,Tue Mar 15 18:43:10 +0000 2016
JohnKasich,Tue Mar 15 18:21:36 +0000 2016
JohnKasich,Tue Mar 15 17:40:44 +0000 2016
JohnKasich,Tue Mar 15 17:31:16 +0000 2016
JohnKasich,Tue Mar 15 16:32:17 +0000 2016
JohnKasich,Tue Mar 15 16:26:01 +0000 2016
JohnKasich,Tue Mar 15 16:21:04 +0000 2016
JohnKasich,Tue Mar 15 15:28:30 +0000 2016
JohnKasich,Tue Mar 15 14:34:37 +0000 2016
JohnKasich,Tue Mar 15 14:29:49 +0000 2016
JohnKasich,Tue Mar 15 13:48:14 +0000 2016
JohnKasich,Tue Mar 15 12:53:02 +0000 2016
JohnKasich,Tue Mar 15 12:25:35 +0000 2016
JohnKasich,Tue Mar 15 12:13:48 +0000 2016
JohnKasich,Tue Mar 15 12:11:31 +0000 2016
JohnKasich,Tue Mar 15 00:44:35 +0000 2016
JohnKasich,Mon Mar 14 23:54:55 +0000 2016
JohnKasich,Mon Mar 14 23:38:02 +0000 2016
JohnKasich,Mon Mar 14 23:00:45 +0000 2016
JohnKasich,Mon Mar 14 22:45:53 +0000 2016
JohnKasich,Mon Mar 14 22:41:14 +0000 2016
JohnKasich,Mon Mar 14 20:59:55 +0000 2016
JohnKasich,Mon Mar 14 20:49:46 +0000 2016
JohnKasich,Mon Mar 14 20:19:58 +0000 2016
JohnKasich,Mon Mar 14 20:12:58 +0000 2016
JohnKasich,Mon Mar 14 20:12:03 +0000 2016
JohnKasich,Mon Mar 14 19:48:51 +0000 2016
JohnKasich,Mon Mar 14 19:31:15 +0000 2016
JohnKasich,Mon Mar 14 18:48:21 +0000 2016
JohnKasich,Mon Mar 14 18:44:57 +0000 2016
JohnKasich,Mon Mar 14 18:43:01 +0000 2016
JohnKasich,Mon Mar 14 18:33:18 +0000 2016
JohnKasich,Mon Mar 14 18:23:25 +0000 2016
JohnKasich,Mon Mar 14 17:34:22 +0000 2016
JohnKasich,Mon Mar 14 17:26:57 +0000 2016
JohnKasich,Mon Mar 14 17:07:49 +0000 2016
JohnKasich,Mon Mar 14 16:55:15 +0000 2016
JohnKasich,Mon Mar 14 16:38:24 +0000 2016
JohnKasich,Mon Mar 14 16:35:52 +0000 2016
JohnKasich,Mon Mar 14 16:35:15 +0000 2016
